drone_id,final_dist_goal
0,1.1418665787886908
1,1.146500456968
2,2.141093959667527
3,2.613573051481061
4,2.5359690143454414
5,0.4925731479733643
