drone_id,final_error,offset_x,offset_y
1,0.16082826883185652,2.0,2.0
2,0.4979730439166286,2.0,-2.0
3,0.09695348231126863,-2.0,-2.0
4,0.1477693086897948,-2.0,2.0
