drone_id,offset_x,offset_y,final_error
1,-1.5,1.5,0.3851335867001456
2,-1.5,-1.5,0.23076135862006278
3,-3.0,0.0,0.43273545613872594
